{
  "airports": {
    "ABQ": {
      "name": "Albuquerque International",
      "city": "Albuquerque, NM",
      "lat": 35.0402,
      "lon": -106.6092
    },
    "ABY": {
      "name": "Southwest Georgia Regional",
      "city": "Albany, GA",
      "lat": 31.5355,
      "lon": -84.1945
    },
    "ACY": {
      "name": "Atlantic City International",
      "city": "Atlantic City, NJ",
      "lat": 39.4576,
      "lon": -74.5772
    },
    "ADS": {
      "name": "Addison Airport",
      "city": "Dallas, TX",
      "lat": 32.9686,
      "lon": -96.8364
    },
    "AGC": {
      "name": "Allegheny County",
      "city": "Pittsburgh, PA",
      "lat": 40.3544,
      "lon": -79.9302
    },
    "AMA": {
      "name": "Rick Husband Amarillo International",
      "city": "Amarillo, TX",
      "lat": 35.2194,
      "lon": -101.7059
    },
    "APF": {
      "name": "Naples Municipal",
      "city": "Naples, FL",
      "lat": 26.1526,
      "lon": -81.7753
    },
    "ASE": {
      "name": "Aspen-Pitkin County",
      "city": "Aspen, CO",
      "lat": 39.2232,
      "lon": -106.869
    },
    "AVO": {
      "name": "Avon Park Executive",
      "city": "Avon Park, FL",
      "lat": 27.5912,
      "lon": -81.5278
    },
    "BCT": {
      "name": "Boca Raton Airport",
      "city": "Boca Raton, FL",
      "lat": 26.3785,
      "lon": -80.1077
    },
    "BED": {
      "name": "Laurence G. Hanscom Field",
      "city": "Bedford, MA",
      "lat": 42.47,
      "lon": -71.289
    },
    "BGR": {
      "name": "Bangor International",
      "city": "Bangor, ME",
      "lat": 44.8074,
      "lon": -68.8281
    },
    "BHT": {
      "name": "Brighton Airport",
      "city": "Brighton, UK",
      "lat": 50.8225,
      "lon": -0.1372
    },
    "BKL": {
      "name": "Burke Lakefront",
      "city": "Cleveland, OH",
      "lat": 41.5175,
      "lon": -81.6833
    },
    "BOS": {
      "name": "Logan International",
      "city": "Boston, MA",
      "lat": 42.3656,
      "lon": -71.0096
    },
    "CHO": {
      "name": "Charlottesville-Albemarle",
      "city": "Charlottesville, VA",
      "lat": 38.1386,
      "lon": -78.4529
    },
    "CMH": {
      "name": "John Glenn Columbus International",
      "city": "Columbus, OH",
      "lat": 39.998,
      "lon": -82.8919
    },
    "CPS": {
      "name": "St. Louis Downtown",
      "city": "Cahokia, IL",
      "lat": 38.5707,
      "lon": -90.1562
    },
    "CRG": {
      "name": "Jacksonville Executive",
      "city": "Jacksonville, FL",
      "lat": 30.3362,
      "lon": -81.5144
    },
    "DAL": {
      "name": "Dallas Love Field",
      "city": "Dallas, TX",
      "lat": 32.847,
      "lon": -96.8517
    },
    "DCA": {
      "name": "Ronald Reagan Washington National",
      "city": "Arlington, VA",
      "lat": 38.8521,
      "lon": -77.0377
    },
    "DFW": {
      "name": "Dallas/Fort Worth International",
      "city": "Dallas, TX",
      "lat": 32.8968,
      "lon": -97.038
    },
    "EWR": {
      "name": "Newark Liberty International",
      "city": "Newark, NJ",
      "lat": 40.6925,
      "lon": -74.1687
    },
    "EYW": {
      "name": "Key West International",
      "city": "Key West, FL",
      "lat": 24.5561,
      "lon": -81.7594
    },
    "FDK": {
      "name": "Frederick Municipal",
      "city": "Frederick, MD",
      "lat": 39.4176,
      "lon": -77.3743
    },
    "FLL": {
      "name": "Fort Lauderdale-Hollywood International",
      "city": "Fort Lauderdale, FL",
      "lat": 26.0742,
      "lon": -80.1506
    },
    "FOK": {
      "name": "Francis S. Gabreski",
      "city": "Westhampton Beach, NY",
      "lat": 40.8437,
      "lon": -72.6318
    },
    "FTK": {
      "name": "Godman Army Airfield",
      "city": "Fort Knox, KY",
      "lat": 37.9071,
      "lon": -85.9721
    },
    "GAI": {
      "name": "Montgomery County Airpark",
      "city": "Gaithersburg, MD",
      "lat": 39.1683,
      "lon": -77.166
    },
    "GNV": {
      "name": "Gainesville Regional",
      "city": "Gainesville, FL",
      "lat": 29.69,
      "lon": -82.2718
    },
    "HPN": {
      "name": "Westchester County",
      "city": "White Plains, NY",
      "lat": 41.067,
      "lon": -73.7076
    },
    "HTO": {
      "name": "East Hampton Airport",
      "city": "East Hampton, NY",
      "lat": 40.9596,
      "lon": -72.2518
    },
    "IAD": {
      "name": "Washington Dulles International",
      "city": "Dulles, VA",
      "lat": 38.9531,
      "lon": -77.4565
    },
    "IMS": {
      "name": "Madison Municipal",
      "city": "Madison, IN",
      "lat": 38.7589,
      "lon": -85.4656
    },
    "ISM": {
      "name": "Kissimmee Gateway",
      "city": "Kissimmee, FL",
      "lat": 28.2898,
      "lon": -81.4371
    },
    "ISP": {
      "name": "Long Island MacArthur",
      "city": "Ronkonkoma, NY",
      "lat": 40.7952,
      "lon": -73.1002
    },
    "JAN": {
      "name": "Jackson-Medgar Wiley Evers International",
      "city": "Jackson, MS",
      "lat": 32.3112,
      "lon": -90.0759
    },
    "JAX": {
      "name": "Jacksonville International",
      "city": "Jacksonville, FL",
      "lat": 30.4941,
      "lon": -81.6879
    },
    "JFK": {
      "name": "John F. Kennedy International",
      "city": "New York, NY",
      "lat": 40.6413,
      "lon": -73.7781
    },
    "JVY": {
      "name": "Rock County Airport",
      "city": "Janesville, WI",
      "lat": 42.6203,
      "lon": -89.0416
    },
    "LAL": {
      "name": "Lakeland Linder International",
      "city": "Lakeland, FL",
      "lat": 27.9889,
      "lon": -82.0186
    },
    "LAS": {
      "name": "Harry Reid International",
      "city": "Las Vegas, NV",
      "lat": 36.084,
      "lon": -115.1537
    },
    "LAX": {
      "name": "Los Angeles International",
      "city": "Los Angeles, CA",
      "lat": 33.9416,
      "lon": -118.4085
    },
    "LCQ": {
      "name": "Lake City Gateway",
      "city": "Lake City, FL",
      "lat": 30.182,
      "lon": -82.5769
    },
    "LEE": {
      "name": "Leesburg International",
      "city": "Leesburg, FL",
      "lat": 28.8231,
      "lon": -81.8087
    },
    "LGA": {
      "name": "LaGuardia Airport",
      "city": "New York, NY",
      "lat": 40.7769,
      "lon": -73.874
    },
    "LGB": {
      "name": "Long Beach Airport",
      "city": "Long Beach, CA",
      "lat": 33.8177,
      "lon": -118.1516
    },
    "LIT": {
      "name": "Bill and Hillary Clinton National",
      "city": "Little Rock, AR",
      "lat": 34.7294,
      "lon": -92.2243
    },
    "LSJ": {
      "name": "Little St. James Island",
      "city": "US Virgin Islands",
      "lat": 18.3001,
      "lon": -64.8251
    },
    "LUK": {
      "name": "Cincinnati Municipal Lunken",
      "city": "Cincinnati, OH",
      "lat": 39.1033,
      "lon": -84.4186
    },
    "MCI": {
      "name": "Kansas City International",
      "city": "Kansas City, MO",
      "lat": 39.2976,
      "lon": -94.7139
    },
    "MCO": {
      "name": "Orlando International",
      "city": "Orlando, FL",
      "lat": 28.4312,
      "lon": -81.3081
    },
    "MIA": {
      "name": "Miami International",
      "city": "Miami, FL",
      "lat": 25.7959,
      "lon": -80.287
    },
    "MRB": {
      "name": "Eastern WV Regional",
      "city": "Martinsburg, WV",
      "lat": 39.4019,
      "lon": -77.9846
    },
    "MTH": {
      "name": "Florida Keys Marathon",
      "city": "Marathon, FL",
      "lat": 24.7261,
      "lon": -81.0514
    },
    "MVY": {
      "name": "Martha's Vineyard",
      "city": "Martha's Vineyard, MA",
      "lat": 41.3931,
      "lon": -70.6143
    },
    "OPF": {
      "name": "Opa-locka Executive",
      "city": "Miami, FL",
      "lat": 25.907,
      "lon": -80.2784
    },
    "ORD": {
      "name": "O'Hare International",
      "city": "Chicago, IL",
      "lat": 41.9742,
      "lon": -87.9073
    },
    "ORL": {
      "name": "Orlando Executive",
      "city": "Orlando, FL",
      "lat": 28.5455,
      "lon": -81.3329
    },
    "OXC": {
      "name": "Waterbury-Oxford",
      "city": "Oxford, CT",
      "lat": 41.4786,
      "lon": -73.1352
    },
    "PAR": {
      "name": "Paris (General)",
      "city": "Paris, France",
      "lat": 48.8566,
      "lon": 2.3522
    },
    "PBI": {
      "name": "Palm Beach International",
      "city": "West Palm Beach, FL",
      "lat": 26.6832,
      "lon": -80.0956
    },
    "PDK": {
      "name": "DeKalb-Peachtree",
      "city": "Atlanta, GA",
      "lat": 33.8756,
      "lon": -84.302
    },
    "PHL": {
      "name": "Philadelphia International",
      "city": "Philadelphia, PA",
      "lat": 39.8729,
      "lon": -75.2437
    },
    "PHX": {
      "name": "Phoenix Sky Harbor International",
      "city": "Phoenix, AZ",
      "lat": 33.4373,
      "lon": -112.0078
    },
    "PMP": {
      "name": "Pompano Beach Airpark",
      "city": "Pompano Beach, FL",
      "lat": 26.2471,
      "lon": -80.1111
    },
    "PSC": {
      "name": "Tri-Cities Airport",
      "city": "Pasco, WA",
      "lat": 46.2647,
      "lon": -119.1191
    },
    "PWK": {
      "name": "Chicago Executive",
      "city": "Chicago, IL",
      "lat": 42.1142,
      "lon": -87.9015
    },
    "RDU": {
      "name": "Raleigh-Durham International",
      "city": "Raleigh, NC",
      "lat": 35.8801,
      "lon": -78.788
    },
    "SAT": {
      "name": "San Antonio International",
      "city": "San Antonio, TX",
      "lat": 29.5337,
      "lon": -98.4698
    },
    "SAV": {
      "name": "Savannah/Hilton Head International",
      "city": "Savannah, GA",
      "lat": 32.1276,
      "lon": -81.2021
    },
    "SBN": {
      "name": "South Bend International",
      "city": "South Bend, IN",
      "lat": 41.7087,
      "lon": -86.3173
    },
    "SFO": {
      "name": "San Francisco International",
      "city": "San Francisco, CA",
      "lat": 37.6213,
      "lon": -122.379
    },
    "SJU": {
      "name": "Luis Mu\u00f1oz Mar\u00edn International",
      "city": "San Juan, PR",
      "lat": 18.4394,
      "lon": -66.0018
    },
    "SNA": {
      "name": "John Wayne Airport",
      "city": "Santa Ana, CA",
      "lat": 33.6757,
      "lon": -117.8668
    },
    "STI": {
      "name": "Cibao International",
      "city": "Santiago, Dominican Republic",
      "lat": 19.4061,
      "lon": -70.6047
    },
    "STL": {
      "name": "St. Louis Lambert International",
      "city": "St. Louis, MO",
      "lat": 38.7487,
      "lon": -90.37
    },
    "STT": {
      "name": "Cyril E. King Airport",
      "city": "St. Thomas, USVI",
      "lat": 18.3373,
      "lon": -64.9733
    },
    "STX": {
      "name": "Henry E. Rohlsen Airport",
      "city": "St. Croix, USVI",
      "lat": 17.7019,
      "lon": -64.7986
    },
    "TEB": {
      "name": "Teterboro Airport",
      "city": "Teterboro, NJ",
      "lat": 40.8501,
      "lon": -74.0608
    },
    "TPA": {
      "name": "Tampa International",
      "city": "Tampa, FL",
      "lat": 27.9755,
      "lon": -82.5332
    },
    "TUS": {
      "name": "Tucson International",
      "city": "Tucson, AZ",
      "lat": 32.1161,
      "lon": -110.941
    },
    "VNY": {
      "name": "Van Nuys Airport",
      "city": "Los Angeles, CA",
      "lat": 34.2098,
      "lon": -118.4899
    },
    "VRB": {
      "name": "Vero Beach Regional",
      "city": "Vero Beach, FL",
      "lat": 27.6556,
      "lon": -80.4179
    },
    "WPB": {
      "name": "Palm Beach County Park",
      "city": "West Palm Beach, FL",
      "lat": 26.7836,
      "lon": -80.1614
    },
    "YYZ": {
      "name": "Toronto Pearson International",
      "city": "Toronto, Canada",
      "lat": 43.6777,
      "lon": -79.6248
    },
    "LZU": {
      "name": "Gwinnett County Airport",
      "city": "Lawrenceville, GA",
      "lat": 33.9781,
      "lon": -83.9624
    },
    "MCN": {
      "name": "Middle Georgia Regional",
      "city": "Macon, GA",
      "lat": 32.6928,
      "lon": -83.6492
    },
    "MDW": {
      "name": "Chicago Midway International",
      "city": "Chicago, IL",
      "lat": 41.7868,
      "lon": -87.7522
    },
    "MIV": {
      "name": "Millville Municipal",
      "city": "Millville, NJ",
      "lat": 39.3678,
      "lon": -75.0722
    },
    "MRY": {
      "name": "Monterey Regional",
      "city": "Monterey, CA",
      "lat": 36.587,
      "lon": -121.8429
    },
    "MTN": {
      "name": "Martin State Airport",
      "city": "Baltimore, MD",
      "lat": 39.3259,
      "lon": -76.4139
    },
    "OAK": {
      "name": "Oakland International",
      "city": "Oakland, CA",
      "lat": 37.7213,
      "lon": -122.2208
    },
    "OEO": {
      "name": "L.M. Clayton Airport",
      "city": "Wolf Point, MT",
      "lat": 48.0945,
      "lon": -105.575
    },
    "OFF": {
      "name": "Offutt Air Force Base",
      "city": "Bellevue, NE",
      "lat": 41.1183,
      "lon": -95.9125
    },
    "OQU": {
      "name": "Quonset State Airport",
      "city": "North Kingstown, RI",
      "lat": 41.5971,
      "lon": -71.4121
    },
    "OSU": {
      "name": "Ohio State University Airport",
      "city": "Columbus, OH",
      "lat": 40.0798,
      "lon": -83.073
    },
    "PBF": {
      "name": "Pine Bluff Regional Airport",
      "city": "Grider Field, AR",
      "lat": 34.1731,
      "lon": -91.9356
    },
    "PVD": {
      "name": "Rhode Island T.F. Green International",
      "city": "Providence/Warwick, RI",
      "lat": 41.724,
      "lon": -71.4281
    },
    "RIC": {
      "name": "Richmond International",
      "city": "Richmond, VA",
      "lat": 37.5052,
      "lon": -77.3197
    },
    "RSW": {
      "name": "Southwest Florida International",
      "city": "Fort Myers, FL",
      "lat": 26.5362,
      "lon": -81.7552
    },
    "SAF": {
      "name": "Santa Fe Municipal",
      "city": "Santa Fe, NM",
      "lat": 35.6171,
      "lon": -106.0891
    },
    "SAN": {
      "name": "San Diego International",
      "city": "San Diego, CA",
      "lat": 32.7338,
      "lon": -117.1933
    },
    "SBA": {
      "name": "Santa Barbara Municipal",
      "city": "Santa Barbara, CA",
      "lat": 34.4262,
      "lon": -119.8403
    },
    "SJC": {
      "name": "Norman Y. Mineta San Jose International",
      "city": "San Jose, CA",
      "lat": 37.3626,
      "lon": -121.929
    },
    "TED": {
      "name": "Thisted Airport",
      "city": "Thisted, Denmark",
      "lat": 57.0688,
      "lon": 8.7052
    },
    "TGB": {
      "name": "Tagbilaran Airport",
      "city": "Bohol, Philippines",
      "lat": 9.6641,
      "lon": 123.8532
    },
    "TIX": {
      "name": "Space Coast Regional",
      "city": "Titusville, FL",
      "lat": 28.5148,
      "lon": -80.7992
    },
    "TVC": {
      "name": "Cherry Capital Airport",
      "city": "Traverse City, MI",
      "lat": 44.7414,
      "lon": -85.5822
    },
    "VNC": {
      "name": "Venice Municipal",
      "city": "Venice, FL",
      "lat": 27.0716,
      "lon": -82.4403
    }
  }
}